Day,Time,Capacity
Sun,02:30 PM,30 / 500
Sun,02:00 PM,50 / 500
Sun,01:30 PM,59 / 500
Sun,01:00 PM,54 / 500
Sun,12:30 PM,56 / 500
Sun,12:00 PM,0 / 500
Sun,11:30 AM,59 / 500
Sun,11:00 AM,69 / 500
Sun,10:30 AM,58 / 500
Sun,10:00 AM,47 / 500
Sun,09:30 AM,34 / 500
Sun,09:00 AM,34 / 500
Sun,08:30 AM,31 / 500
Sun,08:00 AM,28 / 500
Sun,07:30 AM,19 / 500
Sun,07:00 AM,0 / 500
Sat,12:00 PM,65 / 500
Sat,11:30 AM,92 / 500
Sat,11:00 AM,81 / 500
Sat,10:30 AM,0 / 500
Sun,06:30 PM,0 / 500
Sun,06:00 PM,16 / 500
Sun,05:30 PM,16 / 500
Sun,05:00 PM,18 / 500
Sun,04:30 PM,25 / 500
Sun,04:00 PM,17 / 500
Sun,03:30 PM,17 / 500
Sun,03:00 PM,17 / 500
Sun,02:30 PM,18 / 500
Sun,02:00 PM,40 / 500
Sun,01:30 PM,0 / 500
Sun,01:00 PM,68 / 500
Sun,12:30 PM,61 / 500
Sat,04:30 PM,33 / 500
Sat,04:00 PM,30 / 500
Sat,03:30 PM,36 / 500
Sat,03:00 PM,40 / 500
Sat,02:30 PM,37 / 500
Sat,02:00 PM,41 / 500
Sat,01:30 PM,58 / 500
Sat,01:00 PM,51 / 500
Sat,12:30 PM,61 / 500
Sat,12:00 PM,59 / 500
Sat,11:30 AM,59 / 500
Sat,11:00 AM,115 / 500
Sat,10:30 AM,112 / 500
Sat,10:00 AM,115 / 500
Sat,09:30 AM,98 / 500
Sat,09:00 AM,77 / 500
Sat,08:30 AM,67 / 500
Sat,08:00 AM,46 / 500
Sat,07:30 AM,22 / 500
Sat,07:00 AM,6 / 500
Wed,07:30 AM,47 / 500
Wed,07:00 AM,57 / 500
Wed,06:30 AM,48 / 500
Wed,06:00 AM,40 / 500
Wed,05:30 AM,26 / 500
Wed,05:00 AM,6 / 500
Sun,04:00 PM,17 / 500
Sun,03:30 PM,12 / 500
Sun,03:00 PM,22 / 500
Sun,02:30 PM,30 / 500
Sat,06:00 PM,6 / 500
Sat,05:30 PM,35 / 500
Sat,05:00 PM,46 / 500
Sat,04:30 PM,41 / 500
Sat,04:00 PM,46 / 500
Sat,03:30 PM,31 / 500
Sat,03:00 PM,38 / 500
Sat,02:30 PM,32 / 500
Sat,02:00 PM,52 / 500
Wed,05:00 AM,0 / 500
Sun,06:30 PM,0 / 500
Sun,06:00 PM,22 / 500
Sun,05:30 PM,22 / 500
Sun,05:00 PM,34 / 500
Sun,04:30 PM,24 / 500
Sun,04:00 PM,18 / 500
Sun,03:30 PM,13 / 500
Sun,03:00 PM,10 / 500
Sun,02:30 PM,42 / 500
Sun,02:00 PM,40 / 500
Sun,01:30 PM,35 / 500
Sun,01:00 PM,35 / 500
Sun,12:30 PM,33 / 500
Sun,12:00 PM,38 / 500
Sun,11:30 AM,39 / 500
Sun,11:00 AM,36 / 500
Sun,10:30 AM,49 / 500
Sun,10:00 AM,42 / 500
Sun,09:30 AM,43 / 500
Sun,09:00 AM,26 / 500
Sun,08:30 AM,15 / 500
Sun,08:00 AM,12 / 500
Sun,07:30 AM,11 / 500
Sun,07:00 AM,0 / 500
Sat,06:30 PM,0 / 500
Sat,06:00 PM,9 / 500
Sat,05:30 PM,24 / 500
Sat,05:00 PM,36 / 500
Sat,04:30 PM,28 / 500
Sat,04:00 PM,20 / 500
Sat,03:30 PM,27 / 500
Sat,01:30 PM,55 / 500
Sat,01:00 PM,45 / 500
Sat,12:30 PM,58 / 500
Sat,12:00 PM,74 / 500
Sat,11:30 AM,61 / 500
Sat,11:00 AM,38 / 500
Sat,06:30 PM,7 / 500
Sat,06:00 PM,7 / 500
Sat,05:30 PM,12 / 500
Sat,05:00 PM,8 / 500
Sat,04:30 PM,22 / 500
Sat,04:00 PM,19 / 500
Sat,02:00 PM,13 / 500
Sat,01:30 PM,25 / 500
Sat,01:00 PM,18 / 500
Sat,12:30 PM,15 / 500
Sat,12:00 PM,36 / 500
Sat,11:30 AM,50 / 500
Sat,11:00 AM,37 / 500
Fri,07:30 AM,57 / 500
Fri,07:00 AM,46 / 500
Fri,06:30 AM,30 / 500
Fri,06:00 AM,0 / 500
Fri,05:30 AM,16 / 500
Fri,05:00 AM,5 / 500
Thu,07:30 AM,54 / 500
Thu,07:00 AM,43 / 500
Thu,06:30 AM,33 / 500
Thu,06:00 AM,24 / 500
Thu,05:30 AM,11 / 500
Thu,05:00 AM,5 / 500
Wed,07:30 AM,82 / 500
Wed,07:00 AM,65 / 500
Wed,06:30 AM,55 / 500
Wed,06:00 AM,38 / 500
Wed,05:30 AM,19 / 500
Wed,05:00 AM,4 / 500
Tue,07:30 AM,32 / 500
Tue,07:00 AM,19 / 500
Tue,06:30 AM,51 / 500
Tue,06:00 AM,39 / 500
Tue,05:30 AM,16 / 500
Tue,05:00 AM,4 / 500
Mon,07:30 AM,73 / 500
Mon,07:00 AM,57 / 500
Mon,06:30 AM,48 / 500
Mon,06:00 AM,41 / 500
Mon,05:30 AM,21 / 500
Mon,05:00 AM,5 / 500
Sun,06:30 PM,0 / 500
Sun,06:00 PM,1 / 500
Sun,05:30 PM,27 / 500
Sun,05:00 PM,37 / 500
Sun,04:30 PM,27 / 500
Sun,04:00 PM,36 / 500
Sun,03:30 PM,28 / 500
Sun,03:00 PM,33 / 500
Sun,02:30 PM,36 / 500
Sat,06:00 PM,12 / 500
Sat,05:30 PM,22 / 500
Sat,05:00 PM,26 / 500
Sat,04:30 PM,18 / 500
Sat,04:00 PM,35 / 500
Sat,03:30 PM,41 / 500
Sat,03:00 PM,46 / 500
Sat,02:30 PM,46 / 500
Sat,02:00 PM,54 / 500
Sat,01:30 PM,69 / 500
Sat,01:00 PM,76 / 500
Sat,12:30 PM,80 / 500
Sat,12:00 PM,74 / 500
Sat,11:30 AM,67 / 500
Sat,11:00 AM,48 / 500
Sat,10:30 AM,45 / 500
Sat,10:00 AM,101 / 500
Sat,09:30 AM,97 / 500
Sat,09:00 AM,80 / 500
Sat,08:30 AM,66 / 500
Sat,08:00 AM,47 / 500
Sat,07:30 AM,23 / 500
Sat,07:00 AM,0 / 500
Thu,07:30 AM,66 / 500
Thu,07:00 AM,55 / 500
Thu,06:30 AM,41 / 500
Thu,06:00 AM,33 / 500
Thu,05:30 AM,17 / 500
Thu,05:00 AM,4 / 500
Wed,07:30 AM,69 / 500
Wed,07:00 AM,48 / 500
Wed,06:30 AM,38 / 500
Wed,06:00 AM,24 / 500
Wed,05:30 AM,15 / 500
Wed,05:00 AM,4 / 500
Mon,07:30 AM,66 / 500
Mon,07:00 AM,53 / 500
Mon,06:30 AM,38 / 500
Mon,06:00 AM,31 / 500
Mon,05:30 AM,20 / 500
Mon,05:00 AM,5 / 500
Sun,06:30 PM,0 / 500
Sun,06:00 PM,10 / 500
Sun,05:30 PM,15 / 500
Sun,05:00 PM,16 / 500
Sun,04:30 PM,25 / 500
Sun,04:00 PM,27 / 500
Sun,03:30 PM,39 / 500
Sun,03:00 PM,32 / 500
Sun,02:30 PM,43 / 500
Sun,02:00 PM,36 / 500
Sun,01:30 PM,60 / 500
Sun,01:00 PM,50 / 500
Sun,12:30 PM,37 / 500
Sun,12:00 PM,50 / 500
Sun,11:30 AM,41 / 500
Sun,11:00 AM,49 / 500
Sun,10:30 AM,40 / 500
Sun,10:00 AM,0 / 500
Sun,09:30 AM,33 / 500
Sun,09:00 AM,23 / 500
Sun,08:30 AM,19 / 500
Sun,08:00 AM,17 / 500
Sun,07:30 AM,7 / 500
Sun,07:00 AM,2 / 500
Sat,06:30 PM,15 / 500
Sat,06:00 PM,16 / 500
Sat,05:30 PM,49 / 500
Sat,05:00 PM,53 / 500
Sat,04:30 PM,54 / 500
Sat,04:00 PM,50 / 500
Sat,03:30 PM,46 / 500
Sat,03:00 PM,32 / 500
Sat,02:30 PM,30 / 500
Sat,02:00 PM,27 / 500
Sat,01:30 PM,68 / 500
Sat,01:00 PM,61 / 500
Sat,12:30 PM,50 / 500
Sat,12:00 PM,44 / 500
Sat,11:30 AM,58 / 500
Sat,11:00 AM,58 / 500
Sat,10:30 AM,41 / 500
Sat,10:00 AM,86 / 500
Sat,09:30 AM,76 / 500
Sat,09:00 AM,52 / 500
Sat,08:30 AM,62 / 500
Sat,08:00 AM,42 / 500
Sat,07:30 AM,0 / 500
Sat,07:00 AM,6 / 500
Fri,07:30 AM,54 / 500
Fri,07:00 AM,46 / 500
Fri,06:30 AM,27 / 500
Fri,06:00 AM,20 / 500
Fri,05:30 AM,10 / 500
Fri,05:00 AM,4 / 500
Thu,07:30 AM,57 / 500
Thu,07:00 AM,46 / 500
Thu,06:30 AM,33 / 500
Thu,06:00 AM,24 / 500
Thu,05:30 AM,13 / 500
Thu,05:00 AM,4 / 500
